customer_id,customer_name,email,registration_date,customer_type
CUST0001,Allison Hill,donaldgarcia@example.net,2025-11-11,REGULAR
CUST0002,Javier Johnson,jesseguzman@example.net,2024-05-21,REGULAR
CUST0003,Meredith Barnes,zlawrence@example.org,2024-03-22,VIP
CUST0004,Gina Moore,curtis61@example.com,2025-01-02,VIP
CUST0005,Renee Blair,dudleynicholas@example.net,2024-10-15,REGULAR
CUST0006,Lisa Hensley,janetwilliams@example.org,2024-10-09,REGULAR
CUST0007,Dr. Sharon James,xreid@example.org,2025-02-12,REGULAR
CUST0008,Michael Miles,lynchgeorge@example.net,2024-08-01,VIP
CUST0009,James Mayo,gabriellecameron@example.org,2024-07-07,REGULAR
CUST0010,Renee Morales,clarksherri@example.net,2024-11-17,VIP
CUST0011,Jonathan Wilkerson,ithomas@example.org,2025-12-06,REGULAR
CUST0012,Nicole Patterson,icox@example.net,2025-08-22,PREMIUM
CUST0013,Anthony Rodriguez,laurahenderson@example.org,2025-03-06,REGULAR
CUST0014,Zachary Rice,frazierdanny@example.net,2024-09-04,REGULAR
CUST0015,Gina Carter,shawnmckay@example.net,2024-08-30,PREMIUM
CUST0016,Pamela Romero,harrellkenneth@example.net,2025-09-13,REGULAR
CUST0017,Brittany Farmer,georgetracy@example.org,2025-01-31,PREMIUM
CUST0018,Sandra Parker,allenashley@example.org,2023-11-28,PREMIUM
CUST0019,Rose Spence,davidalvarez@example.net,2024-03-30,PREMIUM
CUST0020,Shane Henderson,sarahcampos@example.net,2024-05-25,REGULAR
CUST0021,Jennifer Powers,samuel87@example.org,2024-08-06,VIP
CUST0022,George Chapman,briannasmith@example.net,2026-03-24,PREMIUM
CUST0023,Austin Johnson,chad34@example.net,2025-08-10,PREMIUM
CUST0024,Carlos Walls,esanchez@example.com,2024-05-08,VIP
CUST0025,Matthew Gomez,uowens@example.org,2026-05-29,PREMIUM
CUST0026,Maria Brown,lauren13@example.org,2024-05-08,VIP
CUST0027,Brenda White,ewright@example.com,2025-11-18,VIP
CUST0028,Matthew Fernandez,novaksara@example.org,2024-04-01,PREMIUM
CUST0029,John Hancock,martinaaron@example.com,2024-09-01,REGULAR
CUST0030,Rachel Mitchell,smoore@example.org,2023-10-16,PREMIUM
CUST0031,Kimberly Adkins,williamsthomas@example.net,2024-03-18,VIP
CUST0032,Jordan York,larsonemma@example.org,2025-04-05,REGULAR
CUST0033,Steve Sanchez,harveyrobert@example.net,2025-12-12,REGULAR
CUST0034,Taylor Harris,john62@example.net,2026-04-15,VIP
CUST0035,Eugene Walton,smithchristine@example.net,2023-12-20,VIP
CUST0036,Daniel Baker,nicole35@example.com,2024-03-19,VIP
CUST0037,Joshua Turner,contrerasangela@example.net,2023-12-25,VIP
CUST0038,Brandy Wilson,newtoneric@example.com,2026-02-11,PREMIUM
CUST0039,Grant Watts,william40@example.org,2026-03-29,VIP
CUST0040,Donald Smith,danagreen@example.net,2025-06-03,REGULAR
CUST0041,Jessica Smith,landryhannah@example.org,2025-11-11,REGULAR
CUST0042,Jacob Tran,tanderson@example.com,2023-09-17,REGULAR
CUST0043,Christine Wright,gomezanita@example.com,2026-03-08,PREMIUM
CUST0044,Tammy Young,theresacochran@example.com,2023-08-25,REGULAR
CUST0045,Tim Patton,vpham@example.org,2024-09-04,VIP
CUST0046,Michael Reyes,garrisonjeffrey@example.com,2025-01-11,PREMIUM
CUST0047,Robert Perez,kellerraymond@example.com,2023-11-02,PREMIUM
CUST0048,Diana May,ifrazier@example.com,2023-08-29,VIP
CUST0049,Wesley White,benjamin96@example.com,2024-11-16,PREMIUM
CUST0050,William Wilson,jonathanfletcher@example.org,2025-10-02,VIP
CUST0051,Kimberly Ball,michaeljones@example.net,2024-12-11,PREMIUM
CUST0052,Mary Martinez,william65@example.com,2026-07-05,PREMIUM
CUST0053,Cameron Fisher,lbyrd@example.net,2025-12-18,PREMIUM
CUST0054,Joshua Smith,jason99@example.net,2024-11-29,REGULAR
CUST0055,Jeremy Lewis,yleon@example.net,2024-04-06,REGULAR
CUST0056,Diane Beck,clarence34@example.org,2024-05-22,REGULAR
CUST0057,Angel Riggs,gibsonolivia@example.net,2024-05-15,REGULAR
CUST0058,Janet Ross,dianasmith@example.org,2025-05-08,PREMIUM
CUST0059,Robert Dominguez,pwilliams@example.org,2025-06-26,PREMIUM
CUST0060,John Schmidt,stephanie79@example.net,2025-09-09,PREMIUM
CUST0061,Terry Griffin,juliawells@example.com,2024-08-05,VIP
CUST0062,Destiny Strickland,rsims@example.com,2023-11-15,REGULAR
CUST0063,Cynthia Rogers,taylorjesse@example.net,2024-03-11,REGULAR
CUST0064,Amy Russell,nperry@example.com,2025-03-14,VIP
CUST0065,Lauren Dominguez,wwoods@example.com,2025-03-14,VIP
CUST0066,Tiffany Barnes,tracynelson@example.com,2023-09-01,PREMIUM
CUST0067,Michael Yates,marycalhoun@example.net,2025-10-24,PREMIUM
CUST0068,James Elliott,millerroy@,2024-04-25,VIP
CUST0069,James Lewis,matthew64@example.com,2024-08-12,VIP
CUST0070,Julie Curry,cookemichael@example.net,2023-11-01,VIP
CUST0071,Marissa Webster,jamessmith@example.org,2024-07-22,VIP
CUST0072,Michael Elliott,stevenscott@example.com,2024-04-03,REGULAR
CUST0073,Tracey Higgins,tamirodriguez@example.org,2024-11-13,REGULAR
CUST0074,Susan Brooks,charlesvaughn@example.net,2024-07-29,VIP
CUST0075,Raymond Jefferson,hoganashlee@example.org,2025-01-07,VIP
CUST0076,Mary Jones,alexander67@example.org,2025-05-21,REGULAR
CUST0077,Madison Poole,ryangross@example.net,2024-09-09,PREMIUM
CUST0078,Tamara Hampton,ugraham@example.net,2024-09-06,PREMIUM
CUST0079,David Michael,nicole37@example.net,2026-02-20,REGULAR
CUST0080,Gabrielle Snyder,hunter35@example.com,2024-12-27,REGULAR
CUST0081,Kyle Beard,blackjames@example.org,2025-04-09,PREMIUM
CUST0082,Peter Vaughn DDS,bwest@example.org,2024-10-17,VIP
CUST0083,Michael Torres,thomas85@example.com,2025-11-18,REGULAR
CUST0084,Michael Nelson,jerry35@example.org,2025-10-27,VIP
CUST0085,Melissa Lee,lhill@example.net,2026-01-30,VIP
CUST0086,Brian Lee,michaelturner@example.net,2025-10-24,PREMIUM
CUST0087,Angel Brown,heidi27@example.org,2023-08-06,VIP
CUST0088,Julie Alexander,tammyking@example.com,2024-01-11,VIP
CUST0089,Jennifer Jones,hernandezlisa@example.com,2023-11-27,PREMIUM
CUST0090,Bailey Duran DDS,kimberlyjames@example.com,2024-10-21,VIP
CUST0091,Wanda Torres,lynchjody@example.org,2026-03-15,PREMIUM
CUST0092,Matthew Moore,andreamoore@example.com,2025-06-16,PREMIUM
CUST0093,Julie Johnson,jasmine71@example.net,2024-07-14,REGULAR
CUST0094,Rachel Weber,ronaldstephens@example.net,2024-03-05,REGULAR
CUST0095,Samantha Jones,lauralarson@example.net,2024-10-08,REGULAR
CUST0096,John Torres,gbender@example.net,2025-08-23,REGULAR
CUST0097,Kyle Preston,cassandra01@example.org,2026-05-30,VIP
CUST0098,Laura Sampson,barbara27@example.net,2026-04-25,REGULAR
CUST0099,Donald Shea,fwalters@example.org,2025-07-17,PREMIUM
CUST0100,Gary Santiago,marksteele@example.com,2026-05-12,REGULAR
CUST0101,Robin Pierce,qmiller@example.com,2024-01-14,PREMIUM
CUST0102,Jennifer Robertson,sandovalamy@example.com,2023-10-10,REGULAR
CUST0103,Isaiah Avila,nwolf@example.com,2025-11-17,VIP
CUST0104,Dwayne Gilmore,omartinez@example.net,2024-07-23,REGULAR
CUST0105,Emily Smith,hdavis@example.com,2024-01-16,PREMIUM
CUST0106,Brittany Cantu,william46@example.com,2025-07-20,REGULAR
CUST0107,Juan Reyes,michellehill@example.com,2024-12-26,PREMIUM
CUST0108,Katie Hoover,jessica99@example.net,2025-08-16,PREMIUM
CUST0109,Jill Washington,andrea86@example.com,2024-11-28,REGULAR
CUST0110,Veronica Allen,xhall@example.com,2023-09-23,VIP
CUST0111,John Mcintyre,qhughes@example.net,2024-03-10,PREMIUM
CUST0112,Andrew Shaw MD,sawyerscott@example.net,2025-06-26,REGULAR
CUST0113,Charles Pitts,charlesharrington@example.com,2024-12-24,REGULAR
CUST0114,Jennifer Miller,melissa86@example.com,2026-03-17,REGULAR
CUST0115,Olivia Brennan,williamsonjimmy@example.net,2024-10-06,PREMIUM
CUST0116,Nicole Hamilton MD,wallaceheather@example.org,2023-09-27,REGULAR
CUST0117,Anthony Howard,hthomas@example.com,2025-12-13,VIP
CUST0118,Catherine Thompson,pharvey@example.com,2026-01-08,VIP
CUST0119,Joel King,elizabeth74@example.net,2025-11-13,REGULAR
CUST0120,Jeremy Reed,danielle64@example.com,2024-10-29,REGULAR
CUST0121,James Webb,patrickhoward@example.com,2026-07-08,PREMIUM
CUST0122,William Barrett,alan09@example.net,2025-08-27,PREMIUM
CUST0123,Stephanie Parsons,catherinegomez@example.net,2024-05-08,REGULAR
CUST0124,Megan Le,courtneyberger@example.net,2023-09-17,PREMIUM
CUST0125,Jeremiah Riley,christopherphillips@example.net,2025-04-23,PREMIUM
CUST0126,Carlos Ryan,alyssa42@example.com,2025-08-04,VIP
CUST0127,Elizabeth Harrell,mcdonaldcharles@example.org,2026-06-02,VIP
CUST0128,Veronica Coffey,christopher60@example.com,2025-10-28,PREMIUM
CUST0129,Jacob Curry,brenda51@example.net,2024-07-15,PREMIUM
CUST0130,Manuel Hahn,rose31@example.net,2025-07-08,REGULAR
CUST0131,Elizabeth Ortiz,brandonjohnson@example.com,2024-01-14,VIP
CUST0132,Stephen Taylor,vwatson@example.net,2025-11-03,PREMIUM
CUST0133,Patrick Moore,fpena@example.net,2025-04-11,VIP
CUST0134,Diana Vaughn,scottsampson@example.com,2023-12-19,VIP
CUST0135,Mrs. Stephanie Newman,sandersjames@example.org,2025-06-23,VIP
CUST0136,Daniel Fowler,williamsmatthew@example.org,2025-12-11,REGULAR
CUST0137,Ronald Spencer,lisahall@example.org,2026-01-28,REGULAR
CUST0138,Scott Thomas,amberlindsey@example.org,2026-05-09,REGULAR
CUST0139,Bonnie Howard,briannasmith@example.com,2023-10-07,VIP
CUST0140,Jason Wilson,alvarezkimberly@example.net,2026-01-25,VIP
CUST0141,Jonathan Dougherty,acostaregina@example.net,2025-10-05,REGULAR
CUST0142,Mason Johnson,bboone@example.net,2024-01-01,VIP
CUST0143,Theodore Jones Jr.,cameronhill@example.net,2026-01-12,PREMIUM
CUST0144,Erika Vang,shawn96@example.org,2026-07-12,REGULAR
CUST0145,Matthew Rich,russellbeasley@example.com,2024-12-25,PREMIUM
CUST0146,Jennifer Blair,ronald45@example.org,2026-06-18,PREMIUM
CUST0147,Andrea Decker,reynoldsjulie@example.com,2024-02-05,VIP
CUST0148,Laurie Hoffman,elizabeth65@example.net,2025-05-05,PREMIUM
CUST0149,Michelle Schmitt,michael98@example.org,2024-03-14,REGULAR
CUST0150,Courtney Rodriguez,danny49example.org,2025-05-14,REGULAR
CUST0151,Vanessa Cardenas,lynchdiane@example.net,2024-09-05,VIP
CUST0152,Donald Farmer,michael22@example.net,2026-05-04,PREMIUM
CUST0153,Charles Schultz,davisalyssa@example.com,2025-04-30,REGULAR
CUST0154,Christopher Collins,kimberly99@example.org,2023-10-07,REGULAR
CUST0155,Paul Williams,nelsonebony@example.com,2026-02-15,VIP
CUST0156,Donald Fischer,reeddaniel@example.net,2026-06-05,VIP
CUST0157,Kelsey Parker,randallgreene@example.org,2024-05-30,VIP
CUST0158,Daniel Taylor,keith10@example.com,2025-05-16,VIP
CUST0159,James Padilla,charles06@example.org,2025-07-01,PREMIUM
CUST0160,Shannon Johnston,amckinney@example.com,2024-01-12,REGULAR
CUST0161,Vincent Jackson,xcollier@example.org,2025-05-26,REGULAR
CUST0162,Dana Chapman,fosterkyle@example.com,2024-06-26,REGULAR
CUST0163,Christopher Dixon,schmidtjames@example.com,2025-01-13,REGULAR
CUST0164,Sabrina Briggs,curtisscott@example.org,2026-02-07,VIP
CUST0165,Peter Jones,kmarshall@example.net,2025-06-14,PREMIUM
CUST0166,Sonia Day,michelle52@example.com,2023-11-01,VIP
CUST0167,Mark Hogan,bellcharles@example.com,2025-06-19,VIP
CUST0168,Jacob Mitchell,gilbertwilliam@example.com,2026-01-04,REGULAR
CUST0169,Rebecca Huang,kstout@example.net,2024-05-05,PREMIUM
CUST0170,John Hernandez,hayeslisa@example.com,2023-11-26,REGULAR
CUST0171,Carrie Wright,hritterexample.net,2026-02-19,VIP
CUST0172,Jake Campbell,rschroeder@example.net,2023-10-07,REGULAR
CUST0173,Maria Jones,grantpaul@example.com,2026-05-02,VIP
CUST0174,Lindsey Hernandez,aguilardonald@example.com,2024-11-10,VIP
CUST0175,Melissa Myers,collinsnicholasexample.com,2024-02-01,VIP
CUST0176,Sandra Rodgers,lucasrodney@example.com,2023-08-15,VIP
CUST0177,Christopher Lewis,ilee@example.org,2023-11-14,PREMIUM
CUST0178,Richard Romero,stanleynancy@example.net,2024-02-06,REGULAR
CUST0179,Brittany White,jenniferwilliams@example.com,2026-06-02,REGULAR
CUST0180,Tracy Bishop,pyoung@example.com,2025-07-15,REGULAR
CUST0181,Cheyenne Gregory,smurray@example.com,2025-09-06,REGULAR
CUST0182,Tracy Montoya,moniquewilliams@example.com,2025-02-13,VIP
CUST0183,Ashley Singleton,mitchellkathryn@example.com,2025-06-14,VIP
CUST0184,Brittany Kim,lisawilkerson@example.org,2025-04-22,PREMIUM
CUST0185,Jonathan Young,brooksanthony@example.org,2026-04-22,VIP
CUST0186,Charles Johnson,ihorton@example.net,2025-07-15,REGULAR
CUST0187,Aaron Miller,jason28@example.net,2026-02-17,REGULAR
CUST0188,Ashley Roberts,david36@example.net,2026-03-11,REGULAR
CUST0189,Brian Stein,chenbailey@example.net,2024-02-26,PREMIUM
CUST0190,Aaron Gomez,qlopez@example.org,2025-10-08,PREMIUM
CUST0191,Andrea Fox,myerstheodore@example.net,2025-03-09,VIP
CUST0192,Mrs. Alexis Kramer,john19@example.net,2024-12-15,PREMIUM
CUST0193,Harold Morgan,mariacohen@example.net,2025-07-30,VIP
CUST0194,Robin Brown,mjohnson@example.org,2024-05-22,REGULAR
CUST0195,Emily Collins,ihays@example.com,2024-08-14,REGULAR
CUST0196,Matthew Mitchell,glennmartin@example.org,2025-02-08,PREMIUM
CUST0197,James Gonzales,lmorgan@example.com,2026-06-27,REGULAR
CUST0198,Tim Stone PhD,mmiller@example.org,2025-11-11,VIP
CUST0199,Brian Murphy,kirk96@example.org,2026-06-23,PREMIUM
CUST0200,Jeremy Acosta,christina64@example.net,2023-10-15,REGULAR
CUST0201,Mark Cox,stephaniethomas@example.net,2026-06-05,PREMIUM
CUST0202,Amanda Jones,michael90@example.net,2024-03-12,VIP
CUST0203,Tiffany Watson,berryalyssa@example.com,2024-11-17,VIP
CUST0204,Danielle Wilson,victorhughes@example.net,2024-01-16,REGULAR
CUST0205,David Griffin,heather73@example.org,2024-02-13,PREMIUM
CUST0206,Jodi Roach,zosborn@example.net,2024-11-25,PREMIUM
CUST0207,Michelle Pierce,patricia22@example.com,2025-09-15,VIP
CUST0208,William Conner,kristyjohnson@example.net,2025-12-23,VIP
CUST0209,Robert Arnold,jonesraymond@example.net,2025-07-30,PREMIUM
CUST0210,Patricia Morrow,martinezlogan@example.org,2025-06-16,VIP
CUST0211,Joseph Anderson,katrinaanderson@example.net,2023-10-12,VIP
CUST0212,Kelly Torres,marcusfletcher@example.com,2025-10-01,REGULAR
CUST0213,Sarah King,david49@example.net,2023-12-10,REGULAR
CUST0214,Caroline David,georgeweber@example.net,2024-12-23,VIP
CUST0215,Kristy Bryan,millerstacy@example.net,2024-09-01,VIP
CUST0216,Pamela Butler,jimenezcourtney@example.com,2026-04-10,REGULAR
CUST0217,Karen Ballard,eevans@example.net,2023-10-19,REGULAR
CUST0218,Jason Marshall,catherine55@example.net,2025-01-04,PREMIUM
CUST0219,Bianca Wood,floressteven@example.com,2025-06-15,VIP
CUST0220,Brent Roberts,alin@example.org,2024-03-22,VIP
CUST0221,Taylor Griffith,kathrynjimenez@example.net,2025-07-12,VIP
CUST0222,Mr. Alexander Landry MD,jasongomez@example.org,2024-09-27,PREMIUM
CUST0223,Stephen Pena MD,booneryan@example.com,2025-02-05,VIP
CUST0224,Holly Morales,michaelroberts@example.com,2025-09-08,REGULAR
CUST0225,Joshua Bryan,andersoncolin@example.com,2024-12-25,VIP
CUST0226,Holly Thomas,cporter@example.org,2024-02-15,VIP
CUST0227,Regina Stone,catherinerobertson@example.com,2026-02-24,REGULAR
CUST0228,James Jensen,brittney88@example.net,2025-08-16,PREMIUM
CUST0229,Elizabeth Cabrera,mark16@example.net,2024-11-06,REGULAR
CUST0230,Molly Watts,carlsonjoseph@example.net,2026-01-01,REGULAR
CUST0231,Mikayla Silva,alexandriagriffith@example.com,2024-03-03,VIP
CUST0232,Dana Armstrong,leescott@example.com,2024-03-09,PREMIUM
CUST0233,Damon Shaw,vsalas@example.net,2023-10-22,PREMIUM
CUST0234,Kelly Hoffman,ufox@example.org,2025-07-01,VIP
CUST0235,Gloria Gomez,chelsea33@example.com,2025-11-30,VIP
CUST0236,Todd Hendrix,janet75@example.com,2025-01-09,REGULAR
CUST0237,Taylor Griffith,david86@example.com,2025-01-04,VIP
CUST0238,Regina Roberts,stephanie15@example.com,2026-05-02,PREMIUM
CUST0239,John Harris,sarah42@example.org,2026-02-28,REGULAR
CUST0240,Cynthia Williams,danawilliams@example.com,2024-12-12,REGULAR
CUST0241,Ashlee Townsend,oconnelltiffany@example.org,2025-04-10,REGULAR
CUST0242,Shirley Alvarez,katelynmitchell@example.com,2026-04-16,REGULAR
CUST0243,Randy Pearson,amandasharp@example.org,2024-04-14,VIP
CUST0244,Ryan Peck,osbornrandy@example.com,2024-05-02,REGULAR
CUST0245,Tonya Howe,smithashley@example.org,2024-12-19,VIP
CUST0246,William Daniels,ismall@example.net,2025-07-14,VIP
CUST0247,Robert Rivera,twong@example.org,2023-08-08,PREMIUM
CUST0248,Rachel Bradley,gregorychase@example.com,2025-05-12,REGULAR
CUST0249,Angie Caldwell,tinawoods@example.org,2023-07-28,REGULAR
CUST0250,David Molina,kevin90@example.com,2026-04-28,REGULAR
CUST0251,David Contreras,zparker@example.net,2025-09-05,REGULAR
CUST0252,Stacy Carrillo,fowlershelia@example.com,2026-02-26,VIP
CUST0253,Tyler Mendoza,madkins@example.com,2025-04-23,REGULAR
CUST0254,Susan Todd,kathleenbecker@example.net,2023-11-22,REGULAR
CUST0255,Kelsey Cox,brownamy@example.net,2024-05-27,PREMIUM
CUST0256,Brittany Murphy,nwilson@example.net,2026-01-08,VIP
CUST0257,Steven Griffin Jr.,williambryant@example.org,2025-12-02,PREMIUM
CUST0258,Robert Cummings,ascott@example.net,2024-06-20,VIP
CUST0259,Amber Cooper,weaverbrian@example.org,2025-07-20,PREMIUM
CUST0260,Jason Mack,ybrooks@example.com,2025-02-23,VIP
CUST0261,Michael Stanley,desireebailey@example.org,2025-10-29,REGULAR
CUST0262,Cameron Irwin,avilatiffany@example.com,2026-05-29,PREMIUM
CUST0263,Jessica Gray,johnreed@example.com,2024-05-05,REGULAR
CUST0264,Molly Rodriguez,bmendez@example.org,2024-06-02,PREMIUM
CUST0265,Kirk Griffin,sanchezbradley@example.com,2024-07-16,VIP
CUST0266,Nicole Parsons,williamroberts@example.net,2025-12-28,REGULAR
CUST0267,Kyle Chambers,joel28@example.org,2025-04-20,REGULAR
CUST0268,Antonio Fry,conniesimmons@example.com,2023-09-28,REGULAR
CUST0269,Teresa Powers,heather62@example.com,2025-02-21,PREMIUM
CUST0270,Joshua Allen,kevinzimmerman@example.com,2023-10-15,REGULAR
CUST0271,Tracy Grant,paulscott@example.com,2026-04-17,REGULAR
CUST0272,Jerry Watson,brettbennett@example.net,2026-02-08,REGULAR
CUST0273,Benjamin Ballard,timothybooth@example.com,2024-10-30,REGULAR
CUST0274,Alexis Giles,burgesskaren@example.org,2026-07-02,PREMIUM
CUST0275,Christine Herman,kimberly67@example.net,2026-04-20,PREMIUM
CUST0276,Dennis Hunt,zowens@example.net,2025-07-16,PREMIUM
CUST0277,Erica Harris,robert93@example.net,2024-02-29,VIP
CUST0278,Juan Silva,mphillips@example.com,2024-07-09,REGULAR
CUST0279,Roy Porter,jonathan77@example.com,2024-04-04,VIP
CUST0280,Heather Taylor,iwhite@example.net,2023-10-17,REGULAR
CUST0281,Sara Jones,duranrobert@example.net,2024-07-11,PREMIUM
CUST0282,Chris Robinson,nbrooks@example.net,2026-05-18,PREMIUM
CUST0283,Susan Hopkins,smithandrea@example.org,2023-08-12,VIP
CUST0284,Denise Madden,shawheidi@example.com,2024-04-21,VIP
CUST0285,Brent Hernandez,christineking@example.com,2024-09-05,PREMIUM
CUST0286,Angela Chung,scunningham@example.org,2024-10-25,PREMIUM
CUST0287,Sarah Valdez,davisnicholas@example.net,2025-07-26,PREMIUM
CUST0288,Adam Jackson,pbruce@example.com,2025-12-13,VIP
CUST0289,Valerie Jacobson,hallrachel@example.net,2025-12-14,VIP
CUST0290,Anthony Jones,rachel90@example.org,2024-11-17,PREMIUM
CUST0291,Daniel Thomas,thickman@example.org,2025-12-10,VIP
CUST0292,Ruben Price,patrick21@example.net,2025-01-05,PREMIUM
CUST0293,Jeffrey Roberson,cassie99@example.com,2024-12-06,VIP
CUST0294,Donald Riddle,jperez@example.com,2025-05-18,VIP
CUST0295,Kevin James,lauren11@example.com,2024-03-13,PREMIUM
CUST0296,Richard Moore,gstewart@example.org,2023-07-26,PREMIUM
CUST0297,Jill Juarez,andersonjacob@example.com,2025-11-29,REGULAR
CUST0298,Jennifer Johnson,angela99@example.com,2025-03-07,PREMIUM
CUST0299,Jason Maxwell,ashleyjackson@example.com,2024-04-06,PREMIUM
CUST0300,Eric Snyder,jacksonjoshua@example.com,2025-08-08,PREMIUM
CUST0301,Heather Raymond,mwheeler@example.com,2023-12-31,REGULAR
CUST0302,Adam Foster,vbrock@example.com,2024-12-18,VIP
CUST0303,Rodney Curtis,kevinmorrison@example.net,2024-05-25,PREMIUM
CUST0304,Christopher Sanders,kelly79@example.org,2024-12-05,REGULAR
CUST0305,Robert Long,frederickjames@example.net,2024-04-22,VIP
CUST0306,Krista Benton,nhahn@example.com,2024-10-12,REGULAR
CUST0307,Andrea Abbott,ichambers@example.net,2024-10-30,REGULAR
CUST0308,Matthew Espinoza,mjones@example.com,2026-01-07,VIP
CUST0309,Jonathon Knapp,ystephens@example.com,2026-07-11,REGULAR
CUST0310,Kimberly Little,rodriguezjohn@example.net,2025-01-19,REGULAR
CUST0311,Lonnie Hart,vrasmussen@example.com,2023-12-29,REGULAR
CUST0312,David Dixon,seanmyers@example.net,2026-01-17,PREMIUM
CUST0313,Brittany Cuevas,agarcia@example.org,2024-01-14,REGULAR
CUST0314,Monica Bailey,stanley38@example.com,2025-01-09,VIP
CUST0315,Jeffrey Horton,carlos01@example.org,2024-12-31,REGULAR
CUST0316,Megan Martin,zacharyarnold@example.com,2025-12-03,REGULAR
CUST0317,Joel Salinas,jacobsandoval@example.com,2023-09-01,PREMIUM
CUST0318,Sonya Cole,tprice@example.org,2024-06-01,PREMIUM
CUST0319,Michael Flynn,lloydamanda@example.com,2024-12-05,VIP
CUST0320,Brian Lambert,orose@example.com,2026-01-30,VIP
CUST0321,James Wilson,megan92@example.net,2024-10-22,VIP
CUST0322,Leslie Powers,david41@example.org,2025-02-16,VIP
CUST0323,Kayla Barnes,baileyhenderson@example.com,2026-03-31,VIP
CUST0324,Tamara Arias,angelaburns@example.org,2024-05-03,REGULAR
CUST0325,Jerry Brown,stephanie72@example.org,2025-03-05,VIP
CUST0326,Kathy Simpson,cperry@example.com,2024-04-02,PREMIUM
CUST0327,Andre Juarez,antonio38@example.com,2024-04-04,VIP
CUST0328,Krystal Barton,hdunn@example.net,2024-01-11,VIP
CUST0329,Joshua Ritter,wolfscott@example.org,2025-05-08,REGULAR
CUST0330,Ronald Potter,nancy07@example.com,2025-01-09,PREMIUM
CUST0331,Angie Grimes,rowejoel@example.net,2026-01-16,PREMIUM
CUST0332,Shannon Bishop,imartin@example.org,2024-06-03,PREMIUM
CUST0333,Laura Patel,mariopadilla@example.com,2025-12-23,PREMIUM
CUST0334,Scott Duke,taylorkaren@example.com,2023-10-18,VIP
CUST0335,Sharon Martinez DVM,dustinmorris@example.org,2026-06-02,PREMIUM
CUST0336,Charles Chen,ebrooks@example.net,2023-12-09,VIP
CUST0337,Paul Neal,shawn75@example.net,2023-07-21,PREMIUM
CUST0338,Sarah Davis,sreid@example.com,2023-10-24,VIP
CUST0339,Jennifer Donaldson,troymorris@example.com,2024-12-23,PREMIUM
CUST0340,Bianca Phelps,patricia00@example.org,2026-03-16,REGULAR
CUST0341,Julia Martinez,scottsmith@example.com,2024-05-27,PREMIUM
CUST0342,Susan Khan MD,clarence54@example.org,2025-02-14,PREMIUM
CUST0343,Mariah Williams,jessica36@example.net,2023-12-06,VIP
CUST0344,April Woods,brittneystone@example.com,2023-08-01,REGULAR
CUST0345,Greg Martinez,ebenson@example.org,2024-07-07,PREMIUM
CUST0346,Nicholas Garcia,michael42@example.com,2024-02-09,REGULAR
CUST0347,Megan Jones,bishopfrank@example.com,2024-06-12,PREMIUM
CUST0348,Brittany Jenkins,fheath@example.org,2024-02-20,VIP
CUST0349,Leah Cruz,iedwards@example.org,2024-09-20,PREMIUM
CUST0350,Danielle Burke,kimberly04@example.org,2025-09-29,VIP
CUST0351,Chelsea Myers,bowerslaura@example.org,2025-08-24,REGULAR
CUST0352,David Little,ricetiffany@example.com,2024-11-20,PREMIUM
CUST0353,Scott Carroll,amy27@example.org,2023-08-12,REGULAR
CUST0354,Alexis Lewis,fryraymond@example.com,2026-03-20,VIP
CUST0355,Pamela Henderson,imiller@example.net,2026-02-28,PREMIUM
CUST0356,Bradley Miller,terrimoore@example.com,2025-03-15,REGULAR
CUST0357,Pamela Santos,collinssamuel@example.org,2023-10-15,PREMIUM
CUST0358,Tim Wilson,parkerjudith@example.net,2024-04-15,PREMIUM
CUST0359,Michael Miles,tylerreed@example.net,2024-08-23,PREMIUM
CUST0360,Cameron Norman,jessica10@example.com,2025-05-14,VIP
CUST0361,Austin Joseph,crawfordwilliam@example.org,2025-09-01,VIP
CUST0362,Carol Moore,shannonemily@example.org,2024-07-06,PREMIUM
CUST0363,April Trevino,sanchezthomas@example.com,2024-03-07,PREMIUM
CUST0364,Tyler Johnson,pwalker@example.com,2024-11-26,REGULAR
CUST0365,Blake Watson,whitelinda@example.org,2025-03-31,REGULAR
CUST0366,John Campbell,mark87@example.org,2025-02-10,VIP
CUST0367,Justin Torres,stevenvargas@example.com,2024-05-16,VIP
CUST0368,Kimberly Flynn,adamortiz@example.org,2025-11-05,REGULAR
CUST0369,Ryan Wiley,aaron64@example.org,2024-05-31,PREMIUM
CUST0370,Cynthia Vasquez,kaufmandouglas@example.com,2023-12-09,VIP
CUST0371,David Bruce,xhaynes@example.com,2023-11-26,REGULAR
CUST0372,Kathy Walsh,kjones@example.org,2025-05-23,PREMIUM
CUST0373,Bianca Carter,sara65@example.com,2025-06-20,REGULAR
CUST0374,Benjamin Harris,moorefrank@example.com,2024-11-16,VIP
CUST0375,Joshua Oconnell,shannonford@example.org,2023-12-05,PREMIUM
CUST0376,Michael Mckenzie,lewismelissa@example.org,2023-12-06,REGULAR
CUST0377,Tracy Foster,byrdjorge@example.org,2023-09-04,VIP
CUST0378,Sarah Hawkins,codygarcia@example.org,2024-01-22,VIP
CUST0379,Ronald Haas,jamesmorales@example.net,2026-03-23,PREMIUM
CUST0380,Angela Willis,johnsoncaleb@example.net,2025-06-05,REGULAR
CUST0381,Anna Boone,david70@example.org,2025-12-25,PREMIUM
CUST0382,Nathaniel Crawford,lvega@example.com,2024-06-15,PREMIUM
CUST0383,Denise Griffin,austinharvey@example.org,2026-04-18,REGULAR
CUST0384,Jason Pierce,millerpatrick@example.com,2024-05-22,PREMIUM
CUST0385,Rebecca Wright,mayokimberly@example.com,2025-08-01,REGULAR
CUST0386,Kari Durham,paul20@example.com,2026-01-30,REGULAR
CUST0387,Steven Osborne,stokesthomas@example.com,2026-01-10,VIP
CUST0388,Dr. Ariel Sandoval MD,gallagherstacie@example.net,2025-03-12,REGULAR
CUST0389,Ryan Bruce,joelstewart@example.net,2026-07-05,PREMIUM
CUST0390,Kevin Warner,stacey92@example.net,2024-05-05,REGULAR
CUST0391,Rita Waller,gregory01@example.org,2024-07-13,PREMIUM
CUST0392,Alicia Woods,samantha32@example.com,2024-04-18,VIP
CUST0393,Sarah Morris,hernandezjanet@example.org,2024-01-06,VIP
CUST0394,Shannon Yu,janet69@example.org,2024-12-21,PREMIUM
CUST0395,Chad Moore,fconner@example.net,2024-11-21,VIP
CUST0396,Wayne Steele,jeffrey92@example.com,2024-11-05,PREMIUM
CUST0397,Elizabeth Thompson,rushstacy@example.com,2025-12-15,REGULAR
CUST0398,Lance Mccall,daniellegarcia@example.com,2024-02-21,VIP
CUST0399,Blake Reed,gary15@example.com,2023-08-04,REGULAR
CUST0400,David Jones,kristin00@example.com,2025-05-28,PREMIUM
CUST0401,Tracy Wilkerson,wmacias@example.net,2025-02-20,REGULAR
CUST0402,John Shields,franciscojones@example.org,2024-10-18,VIP
CUST0403,Dean Garcia,george62@example.net,2023-11-11,REGULAR
CUST0404,Stephanie Davis,bbush@example.net,2024-03-30,VIP
CUST0405,Jessica Brown,jamie36@example.net,2025-11-24,PREMIUM
CUST0406,Monica Baker,kenneth10@example.com,2025-12-22,PREMIUM
CUST0407,Katherine Brown,pattersonkelly@example.net,2026-03-15,VIP
CUST0408,Christina Johnson,daniellerowland@example.com,2024-01-13,REGULAR
CUST0409,James Burns,christopher86@example.org,2025-02-13,PREMIUM
CUST0410,Jaclyn Griffin,scott43@example.com,2025-12-10,VIP
CUST0411,Paul Contreras,barnettlindsey@example.com,2026-01-19,REGULAR
CUST0412,Antonio Hughes,rsheppard@example.com,2025-12-23,VIP
CUST0413,Karen Miller,shawrachel@example.net,2026-06-04,REGULAR
CUST0414,Mrs. Tiffany Cole,teresastokes@example.org,2023-09-22,REGULAR
CUST0415,William Graham,maryscott@example.net,2023-10-30,REGULAR
CUST0416,Justin Arnold,april09@example.net,2025-10-06,VIP
CUST0417,Ashley Hernandez,buckleyanna@example.org,2024-10-04,VIP
CUST0418,Sheryl Humphrey,patrick79@example.net,2025-07-21,PREMIUM
CUST0419,Donald Thomas,vwilliams@example.net,2024-07-21,VIP
CUST0420,John Adams,andrew44@example.com,2025-08-19,PREMIUM
CUST0421,Melinda Compton,dennismccann@example.com,2024-11-27,VIP
CUST0422,Jason Brewer,scottmcintyre@example.com,2025-08-08,PREMIUM
CUST0423,Sharon Nicholson,cameronmckinney@example.com,2024-02-13,REGULAR
CUST0424,Kelly Carroll,jameswhitaker@example.org,2024-08-08,VIP
CUST0425,Anthony Ward,joshuacolon@example.net,2025-03-25,PREMIUM
CUST0426,Becky Johnson,tracy72@example.com,2026-01-14,REGULAR
CUST0427,Hailey Monroe,kaitlyn14@example.org,2025-03-09,VIP
CUST0428,Scott Chan,mercedesholland@example.net,2024-06-03,REGULAR
CUST0429,Jason Smith,wellsdavid@example.org,2026-02-05,VIP
CUST0430,Courtney Franklin,jennifer46@example.com,2025-01-09,VIP
CUST0431,Daniel Turner,asilva@example.net,2026-05-11,REGULAR
CUST0432,Sara Hoffman,kenneth17@example.org,2024-12-21,VIP
CUST0433,Margaret Hensley MD,jacob83@example.org,2026-02-04,PREMIUM
CUST0434,Francisco Taylor,rioswhitney@example.com,2025-04-28,VIP
CUST0435,Norman Aguilar,matthewreeves@example.net,2025-10-25,PREMIUM
CUST0436,Karen Shepard,william28@example.org,2024-10-16,PREMIUM
CUST0437,Carl Green,staceylam@example.net,2023-12-03,PREMIUM
CUST0438,Daniel Savage,vfrench@example.com,2024-08-25,REGULAR
CUST0439,Julie Wilson,delacruzbrandy@example.net,2023-11-05,PREMIUM
CUST0440,Cory Wilson,amoreno@example.org,2024-03-08,PREMIUM
CUST0441,Curtis Ortiz,tthomas@example.org,2023-11-20,PREMIUM
CUST0442,Mr. Christopher Walters,hayesjason@example.org,2025-12-29,VIP
CUST0443,Katherine Gallagher,andersonryan@example.com,2025-04-04,REGULAR
CUST0444,John Smith,jessicadodson@example.com,2025-10-19,PREMIUM
CUST0445,Michael Sims,jeremywiley@example.com,2024-02-03,PREMIUM
CUST0446,Jonathan Torres,colonkenneth@example.com,2025-06-25,REGULAR
CUST0447,Linda Morgan,matthewvalenzuela@example.com,2024-05-05,VIP
CUST0448,Terry Burnett,perezjessica@example.org,2024-06-10,REGULAR
CUST0449,Leah Jackson,jennifer06@example.net,2024-08-18,PREMIUM
CUST0450,Lisa Wheeler,stanleydesiree@example.org,2023-09-30,PREMIUM
CUST0451,Jennifer James,thomas23@example.net,2026-06-17,REGULAR
CUST0452,Elizabeth Stanley,cindy26@example.org,2025-09-19,VIP
CUST0453,Autumn Wilson,jimenezchelsea@example.com,2025-10-07,PREMIUM
CUST0454,Heather Ortiz,benjamincrawford@example.org,2026-06-21,VIP
CUST0455,Erin Smith,meadowsmary@example.net,2025-08-23,REGULAR
CUST0456,Brandon Hunt,conwaydawn@example.com,2024-10-19,VIP
CUST0457,Anthony Li,phelpsmichael@example.net,2024-11-14,VIP
CUST0458,Brian York,smithdevon@example.net,2024-04-07,VIP
CUST0459,Steven Friedman,natalie15@,2024-04-27,REGULAR
CUST0460,James Bryant,evaughn@example.com,2026-04-20,REGULAR
CUST0461,Carol Anderson,jarvismegan@example.org,2025-04-24,REGULAR
CUST0462,Karen Carroll,ywhite@example.com,2026-02-21,REGULAR
CUST0463,Michael Roberson,timothyfreeman@example.com,2025-06-01,VIP
CUST0464,Dennis Edwards,tiffanysantiago@example.com,2025-10-01,VIP
CUST0465,Mercedes Davis,timothyalvarado@example.net,2025-03-06,PREMIUM
CUST0466,Ronald Mcclain,smithsarah@example.net,2025-07-16,REGULAR
CUST0467,Sheila Jones,vflores@example.com,2023-10-04,REGULAR
CUST0468,Krista Gray,christianwallace@example.net,2025-06-13,VIP
CUST0469,Jonathan Stewart,bmcgee@example.org,2025-04-04,REGULAR
CUST0470,Justin Smith,connersylvia@example.net,2024-11-02,PREMIUM
CUST0471,Kristina Pena,xclements@example.org,2024-06-28,PREMIUM
CUST0472,Evelyn Saunders,xmoran@example.net,2025-06-19,VIP
CUST0473,Peter Walker,michael48@example.net,2025-02-17,REGULAR
CUST0474,Amber Martin,lydianewton@example.com,2023-12-31,PREMIUM
CUST0475,Craig Martinez,ylewis@example.org,2024-12-23,VIP
CUST0476,Jason House,bartonshannon@example.net,2026-01-18,PREMIUM
CUST0477,Brandy Porter,tranryan@example.net,2025-08-06,PREMIUM
CUST0478,Priscilla Kent,jessicaanderson@example.com,2026-05-04,PREMIUM
CUST0479,Sonya Gordon,mbarnes@example.net,2024-08-06,VIP
CUST0480,Victor Waller,iballard@example.com,2026-02-07,PREMIUM
CUST0481,Nicole Evans,jennifer83@example.org,2024-06-07,VIP
CUST0482,Donna Reed,tinasantos@example.org,2025-09-07,PREMIUM
CUST0483,Mallory Page,anna99@example.net,2025-04-26,PREMIUM
CUST0484,Stephanie Ferguson,hstokes@example.org,2023-08-26,VIP
CUST0485,Anthony Brown,karen24@example.net,2024-08-10,PREMIUM
CUST0486,Antonio Mueller,karenjohnson@example.com,2023-12-24,VIP
CUST0487,Megan Hoffman,juliahoffman@example.org,2025-09-18,VIP
CUST0488,Rebecca Roberts,housepaul@example.net,2024-11-14,PREMIUM
CUST0489,Amy Manning,christinenorman@example.com,2024-07-02,REGULAR
CUST0490,Michele Holland,kimberlybrandt@example.com,2025-06-14,VIP
CUST0491,Michael Lopez,jillwilson@example.org,2025-05-13,REGULAR
CUST0492,Dennis Martin,adam72@example.org,2024-03-12,PREMIUM
CUST0493,Linda Ayala,tracy98@example.com,2023-11-08,PREMIUM
CUST0494,Emily Robinson,abigailhartmanexample.org,2025-04-24,PREMIUM
CUST0495,Jennifer Bailey,elizabethrivera@example.com,2024-06-21,REGULAR
CUST0496,Lisa Wells,wilsonmichael@example.org,2026-04-10,PREMIUM
CUST0497,Lisa Haley,patrick16@example.com,2025-11-03,VIP
CUST0498,Allison Black,willie87@example.com,2023-09-24,REGULAR
CUST0499,Matthew Flores,vaughangary@example.net,2025-10-23,VIP
CUST0500,Austin Santiago,michellecoleman@example.org,2024-06-01,PREMIUM
CUST0501,Michele Cherry,elucas@example.net,2026-06-17,VIP
CUST0502,Joe Rivera,jonesgregory@example.com,2025-11-30,PREMIUM
CUST0503,Roberto Bartlett,ohughes@example.com,2025-05-20,REGULAR
CUST0504,James Wilson,maychristine@example.net,2026-01-12,REGULAR
CUST0505,Ryan Howard,robertsgina@example.net,2023-11-29,PREMIUM
CUST0506,Timothy James,wellsamanda@example.org,2025-03-16,VIP
CUST0507,Sarah Phillips,kennetheaton@example.net,2026-04-19,REGULAR
CUST0508,Travis Spencer,davidsmith@example.net,2025-03-21,VIP
CUST0509,Theresa Torres,jason82@example.org,2024-04-28,PREMIUM
CUST0510,Ruben Lee,emilybradley@example.org,2025-11-16,PREMIUM
CUST0511,Joshua Roberts,kingjames@example.net,2025-08-12,REGULAR
CUST0512,Heather Lambert,craigharvey@example.org,2024-11-22,REGULAR
CUST0513,Mr. Matthew Steele,arianadiaz@example.com,2025-05-13,PREMIUM
CUST0514,Erik Floyd,xhill@example.org,2026-06-07,REGULAR
CUST0515,Sherry Ford,kim78@example.org,2024-04-16,VIP
CUST0516,Angela Ramirez,patriciagonzalez@example.net,2026-03-17,REGULAR
CUST0517,Bernard Smith,hessbeth@example.net,2024-06-12,REGULAR
CUST0518,Kristen Stephens,jvaldez@example.com,2025-03-18,PREMIUM
CUST0519,Raymond Quinn,dennis88@example.org,2025-03-25,REGULAR
CUST0520,Adam Allen,katherinetaylor@example.org,2024-04-21,VIP
CUST0521,Krystal Brennan,jillwebb@example.com,2023-09-18,PREMIUM
CUST0522,John Brown,jim38@example.com,2025-03-11,PREMIUM
CUST0523,Jesse Williams,dakota84@example.net,2024-08-30,REGULAR
CUST0524,Laura Bennett,pdiaz@example.org,2025-09-27,PREMIUM
CUST0525,William Walker,wgomez@example.com,2025-08-04,VIP
CUST0526,Adriana Macias,emartin@example.net,2026-04-12,REGULAR
CUST0527,Chris Moore,guerrerorobert@example.com,2024-01-10,PREMIUM
CUST0528,Mr. Daniel Martin,cjohnson@example.org,2025-12-24,PREMIUM
CUST0529,Brandy Hunt,brianscott@example.org,2025-09-27,PREMIUM
CUST0530,Linda Elliott,johnsjessica@example.com,2023-11-28,PREMIUM
CUST0531,Lawrence Ruiz,ajackson@example.net,2024-02-24,REGULAR
CUST0532,Samantha White,gary57@example.net,2026-01-20,PREMIUM
CUST0533,James Anderson,harrismichele@example.net,2026-06-15,PREMIUM
CUST0534,Chase Davis,mvalenzuela@example.org,2025-10-20,VIP
CUST0535,Autumn Olson,rachelryan@example.org,2026-06-06,VIP
CUST0536,Kelly Wood,wolferoy@example.com,2025-03-01,VIP
CUST0537,Robert Velez,colemanjonathan@example.org,2023-11-25,REGULAR
CUST0538,Shawn Ortiz,adammanning@example.org,2025-12-31,VIP
CUST0539,Kelly Brooks,gwendolynstewart@example.com,2023-12-30,REGULAR
CUST0540,Matthew King,ncunningham@example.com,2026-06-09,VIP
CUST0541,Dalton Arnold,jwhite@example.net,2025-08-07,PREMIUM
CUST0542,Eric Cooper,qfitzgerald@example.org,2024-07-08,REGULAR
CUST0543,Michael Martin,williamhartman@example.net,2026-02-25,PREMIUM
CUST0544,Michelle Martin,brockmadeline@example.com,2026-02-04,REGULAR
CUST0545,Austin Walker,lynchjenny@example.com,2026-02-25,VIP
CUST0546,Donna Stuart,bautistalori@example.net,2025-08-23,VIP
CUST0547,Dakota Sandoval,james98@example.net,2026-07-07,REGULAR
CUST0548,Christopher Johnson,dianacantrell@example.org,2024-09-18,VIP
CUST0549,Heather Foster,aprilmclaughlin@example.org,2023-12-05,PREMIUM
CUST0550,Molly Hansen,michael43@example.net,2024-05-15,REGULAR
CUST0551,Jared Smith,richardrodriguez@example.org,2025-09-06,VIP
CUST0552,Travis Pratt,nancy94@example.net,2025-06-04,PREMIUM
CUST0553,Kristine Carrillo,susan77@example.net,2023-08-29,PREMIUM
CUST0554,Mr. James Kramer,ericahall@example.com,2025-04-18,REGULAR
CUST0555,Kelli Smith,john16@example.net,2024-12-30,PREMIUM
CUST0556,Timothy Woods,jeffery94@example.org,2026-06-13,PREMIUM
CUST0557,Cheryl Mclaughlin,jillsalas@example.org,2024-07-08,PREMIUM
CUST0558,David Montgomery,kimberlywilson@example.org,2026-06-01,PREMIUM
CUST0559,Katherine Smith,charlesnathan@example.com,2025-08-20,PREMIUM
CUST0560,Sierra Andrews,travis84@example.com,2024-06-27,PREMIUM
CUST0561,Bethany Fox,imendoza@example.org,2025-09-05,PREMIUM
CUST0562,Scott Parsons,sbray@example.net,2025-07-01,REGULAR
CUST0563,Adam Craig,ucarpenter@example.com,2026-02-23,REGULAR
CUST0564,Chelsea Baker,thomas95@example.com,2024-04-28,VIP
CUST0565,Mr. Michael Watson PhD,shannon92@example.net,2026-06-17,PREMIUM
CUST0566,Brett Nelson,angelachase@example.org,2024-02-29,VIP
CUST0567,Nancy Kennedy,thompsonvictor@example.net,2025-09-28,PREMIUM
CUST0568,Emily Tucker,anna90example.com,2023-12-18,PREMIUM
CUST0569,Amy Cervantes,gcombs@example.com,2024-12-18,VIP
CUST0570,Isaac Grant,maurice61@example.com,2026-06-07,VIP
CUST0571,Christina Johnston,tiffanymitchell@example.com,2026-05-28,VIP
CUST0572,Patricia Griffin,jamesjustin@example.net,2024-02-28,REGULAR
CUST0573,Margaret Mcfarland,kwelch@example.com,2023-11-05,PREMIUM
CUST0574,Greg Edwards,jennifer96@example.com,2025-06-08,VIP
CUST0575,Teresa Adkins,lgutierrez@example.org,2024-01-28,VIP
CUST0576,Mary Shepard,clarkrandy@example.org,2023-10-25,REGULAR
CUST0577,Kara Brown,fwarren@example.org,2024-08-28,PREMIUM
CUST0578,Angela Huynh,pparker@example.net,2024-10-01,PREMIUM
CUST0579,Cameron Rose,anthonyalvarado@example.com,2025-07-26,REGULAR
CUST0580,Seth Donovan,staylor@example.net,2024-04-18,REGULAR
CUST0581,Joyce Curry,omills@example.net,2024-11-10,PREMIUM
CUST0582,Karen Perez,ramosmichael@example.com,2024-03-15,REGULAR
CUST0583,Aaron Ochoa,mauriceharrison@example.org,2026-06-20,REGULAR
CUST0584,Theresa Woods,cannonlauren@example.net,2024-07-11,PREMIUM
CUST0585,Kimberly Lopez,kfoster@example.net,2026-04-16,VIP
CUST0586,James Baker,hgarrett@example.net,2026-06-29,VIP
CUST0587,Dominique Paul,robert12@example.org,2024-10-09,VIP
CUST0588,Jesse Chavez,blopez@example.org,2023-10-03,PREMIUM
CUST0589,Alison Compton,joseph70@example.org,2023-12-05,PREMIUM
CUST0590,Johnny Peterson,kristi75@example.com,2026-07-04,PREMIUM
CUST0591,Erin Bridges,brianrowe@example.org,2025-11-07,PREMIUM
CUST0592,Corey Skinner,hclayton@example.net,2024-08-07,PREMIUM
CUST0593,William Wright,gonzalezjill@example.org,2025-10-04,PREMIUM
CUST0594,Christine Price,sharon20@example.net,2025-11-17,VIP
CUST0595,Dawn Little,michaelwilliams@example.net,2024-06-20,VIP
CUST0596,Cynthia Hamilton,jacksonjoshua@example.org,2025-03-23,PREMIUM
CUST0597,Alexa Williams,jbarker@example.com,2023-12-04,REGULAR
CUST0598,Jonathan Parks,sarah00@example.com,2026-04-14,PREMIUM
CUST0599,Joshua Rodriguez,jhall@example.net,2025-01-07,REGULAR
CUST0600,Jessica Lee,ihoward@example.com,2023-09-17,VIP
